
INSERT INTO FUNCIONARIO (CPF, NOME, ENDERECO, TELEFONE, DATA_NASCIMENTO, NIVEL_ESCOLAR,
ESTADO_CIVIL, CPF_GERENTE)
VALUES (76172949802, 'Lucas Panonko Assis Belchior', 'Rua Sebastião Rangel, 958, Martins',
'34991366832', '2003-05-02', 'Superior Incompleto', 'Divorciado', NULL);

INSERT INTO FUNCIONARIO (CPF, NOME, ENDERECO, TELEFONE, DATA_NASCIMENTO, NIVEL_ESCOLAR,
ESTADO_CIVIL, CPF_GERENTE)
VALUES (56356896639, 'Lucas Cardoso Jabur', 'Rua Orlando Rodrigues, 113, Morada da Colina',
'34996577456', '2002-03-19', 'Superior Incompleto', 'Casado', NULL);

INSERT INTO FUNCIONARIO (CPF, NOME, ENDERECO, TELEFONE, DATA_NASCIMENTO, NIVEL_ESCOLAR,
ESTADO_CIVIL, CPF_GERENTE)
VALUES (46053518921, 'Maria Camila Nardini Barioni', 'Av. dos Jardins, 250, Nova Uberlândia',
'34993179460', '1999-01-01', 'Superior Completo', 'Casada', NULL);

INSERT INTO FUNCIONARIO (CPF, NOME, ENDERECO, TELEFONE, DATA_NASCIMENTO, NIVEL_ESCOLAR,
ESTADO_CIVIL, CPF_GERENTE)
VALUES (43027845128, 'Clara Rodrigues da Cunha', 'Rua José Domingos de Souza, 176, Shopping Park',
'34994433318', '1982-12-10', 'Médio Completo', 'Solteira', NULL);

INSERT INTO FUNCIONARIO (CPF, NOME, ENDERECO, TELEFONE, DATA_NASCIMENTO, NIVEL_ESCOLAR,
ESTADO_CIVIL, CPF_GERENTE)
VALUES (70754697975, 'Raissa Barros Nogueira', 'Rua Atenas, 769, Tibery',
'34998669445', '1974-11-30', 'Médio Completo', 'Viúva', NULL);

INSERT INTO FUNCIONARIO (CPF, NOME, ENDERECO, TELEFONE, DATA_NASCIMENTO, NIVEL_ESCOLAR,
ESTADO_CIVIL, CPF_GERENTE)
VALUES (20028845609, 'Pedro Correia Mota', 'Alameda Alvarenga Peixoto, 76, Jadim Inconfidência',
'34992803931', '1993-12-25', 'Médio Incompleto', 'Divorciado', NULL);

INSERT INTO FUNCIONARIO (CPF, NOME, ENDERECO, TELEFONE, DATA_NASCIMENTO, NIVEL_ESCOLAR,
ESTADO_CIVIL, CPF_GERENTE)
VALUES (88311046670, 'Victor Carvalho Machado', 'Rua Otávio Rodrigues da Cunha, 382, Jardim Indaiá',
'34997437925', '1998-10-14', 'Superior Incompleto', 'Solteiro', NULL);

INSERT INTO FUNCIONARIO (CPF, NOME, ENDERECO, TELEFONE, DATA_NASCIMENTO, NIVEL_ESCOLAR,
ESTADO_CIVIL, CPF_GERENTE)
VALUES (38073498634, 'Manuela Pasquini Alvarenga', 'Alamédia Ásia, 863, Mansões Aeroporto',
'34991538485', '2003-07-25', 'Superior Incompleto', 'Casada', NULL);

INSERT INTO FUNCIONARIO (CPF, NOME, ENDERECO, TELEFONE, DATA_NASCIMENTO, NIVEL_ESCOLAR,
ESTADO_CIVIL, CPF_GERENTE)
VALUES (63339648751, 'Isabela Costa Azevedo', 'Rua Athos Paranhos Veloso, 1055, Tubalina',
'34995284377', '1996-08-17', 'Médio Completo', 'Solteira', NULL);

INSERT INTO FUNCIONARIO (CPF, NOME, ENDERECO, TELEFONE, DATA_NASCIMENTO, NIVEL_ESCOLAR,
ESTADO_CIVIL, CPF_GERENTE)
VALUES (51470309483, 'Leonardo Ferreira Damasceno', 'Rua Aniceto Pereira, 285, Tubalina',
'34994028274', '1976-01-27', 'Médio Incompleto', 'Casado', NULL);

INSERT INTO FUNCIONARIO (CPF, NOME, ENDERECO, TELEFONE, DATA_NASCIMENTO, NIVEL_ESCOLAR,
ESTADO_CIVIL, CPF_GERENTE)
VALUES (13418002102, 'Leandro Marques Gontijo Jersé', 'Rua Atílio Valentini, 409, Santa Mônica',
'34992165307', '2001-09-13', 'Superior Incompleto', 'Solteiro', 56356896639);

INSERT INTO FUNCIONARIO (CPF, NOME, ENDERECO, TELEFONE, DATA_NASCIMENTO, NIVEL_ESCOLAR,
ESTADO_CIVIL, CPF_GERENTE)
VALUES (74760981454, 'Fellype Ferreira Netto', 'Rua Canadá, 1920, Tibery',
'34994233621', '2001-01-29', 'Superior Incompleto', 'Solteiro', 76172949802);

INSERT INTO FUNCIONARIO (CPF, NOME, ENDERECO, TELEFONE, DATA_NASCIMENTO, NIVEL_ESCOLAR,
ESTADO_CIVIL, CPF_GERENTE)
VALUES (16855851320, 'Renan Goncalves Faria', 'Rua Antônio Crescêncio, 1018, Nossa Sra. Aparecida',
'34991616830', '1992-07-07', 'Médio Incompleto', 'Divorciado', 76172949802);

INSERT INTO FUNCIONARIO (CPF, NOME, ENDERECO, TELEFONE, DATA_NASCIMENTO, NIVEL_ESCOLAR,
ESTADO_CIVIL, CPF_GERENTE)
VALUES (20181880202, 'Tânia Barros Lemos', 'Rua do Borracheiro, 110, Planalto',
'34991778763', '1969-03-09', 'Médio Completo', 'Viúva', 51470309483);

INSERT INTO FUNCIONARIO (CPF, NOME, ENDERECO, TELEFONE, DATA_NASCIMENTO, NIVEL_ESCOLAR,
ESTADO_CIVIL, CPF_GERENTE)
VALUES (94074994216, 'Danilo Castro Alves', 'Rua do Cabeleireiro, 747, Planalto',
'34991366976', '1967-03-09', 'Superior Incompleto', 'Casado', 63339648751);

INSERT INTO FUNCIONARIO (CPF, NOME, ENDERECO, TELEFONE, DATA_NASCIMENTO, NIVEL_ESCOLAR,
ESTADO_CIVIL, CPF_GERENTE)
VALUES (38989558930, 'Isabela Pasquini Alvarenga', 'Alameda Ásia, 863, Mansões Aeroporto',
'34992555148', '2000-04-10', 'Médio Incompleto', 'Solteira', 38073498634);

INSERT INTO FUNCIONARIO (CPF, NOME, ENDERECO, TELEFONE, DATA_NASCIMENTO, NIVEL_ESCOLAR,
ESTADO_CIVIL, CPF_GERENTE)
VALUES (17964029827, 'Lavinia Silva Peixoto', 'Rua Vaticano, 388, Jardim Europa',
'34999454942', '1979-12-15', 'Médio Incompleto', 'Solteira', 88311046670);

INSERT INTO FUNCIONARIO (CPF, NOME, ENDERECO, TELEFONE, DATA_NASCIMENTO, NIVEL_ESCOLAR,
ESTADO_CIVIL, CPF_GERENTE)
VALUES (49149979671, 'Igor Oliveira Cordeiro', 'Rua Charqueada, 170, Granada',
'34999077490', '1995-11-18', 'Médio Completo', 'Casado', 20028845609);

INSERT INTO FUNCIONARIO (CPF, NOME, ENDERECO, TELEFONE, DATA_NASCIMENTO, NIVEL_ESCOLAR,
ESTADO_CIVIL, CPF_GERENTE)
VALUES (40249320711, 'Gabriela Dias dos Santos', 'Rua Ipanema, 1004, Morada da Colina',
'34995553750', '1999-03-03', 'Superior Incompleto', 'Solteira', 70754697975);

INSERT INTO FUNCIONARIO (CPF, NOME, ENDERECO, TELEFONE, DATA_NASCIMENTO, NIVEL_ESCOLAR,
ESTADO_CIVIL, CPF_GERENTE)
VALUES (42493840712, 'Sophia Cardoso Jabur', 'Rua Orlando Rodrigues, 113, Morada da Colina',
'34999925111', '2004-12-15', 'Superior Incompleto', 'Casada', 43027845128);

INSERT INTO FUNCIONARIO (CPF, NOME, ENDERECO, TELEFONE, DATA_NASCIMENTO, NIVEL_ESCOLAR,
ESTADO_CIVIL, CPF_GERENTE)
VALUES (75922690230, 'Enzo Oliveira de Sousa', 'Rua Castro Alves, 909, Tubalina',
'34999217193', '1990-01-18', 'Médio Completo', 'Solteiro', 46053518921);

INSERT INTO FUNCIONARIO (CPF, NOME, ENDERECO, TELEFONE, DATA_NASCIMENTO, NIVEL_ESCOLAR,
ESTADO_CIVIL, CPF_GERENTE)
VALUES (99891685802, 'Miguel Araujo Fernandes', 'Rua Lírios Azuis, 503, Cidade Jardim',
'34993359014', '1962-03-18', 'Médio Incompleto', 'Casado', 56356896639);

INSERT INTO FUNCIONARIO (CPF, NOME, ENDERECO, TELEFONE, DATA_NASCIMENTO, NIVEL_ESCOLAR,
ESTADO_CIVIL, CPF_GERENTE)
VALUES (64585979670, 'Luan Santos da Silva', 'Rua Havaí, 134, Jardim Nosso Recanto',
'34992812694', '1977-07-14', 'Médio Incompleto', 'Casado', 46053518921);

INSERT INTO FUNCIONARIO (CPF, NOME, ENDERECO, TELEFONE, DATA_NASCIMENTO, NIVEL_ESCOLAR,
ESTADO_CIVIL, CPF_GERENTE)
VALUES (73297520450, 'Cristina Duarte Pereira', 'Rua Coelho Neto, 173, Tabajaras',
'34999607337', '1980-11-02', 'Médio Incompleto', 'Solteira', 43027845128);

INSERT INTO FUNCIONARIO (CPF, NOME, ENDERECO, TELEFONE, DATA_NASCIMENTO, NIVEL_ESCOLAR,
ESTADO_CIVIL, CPF_GERENTE)
VALUES (65576267605, 'Nélio Costa Pinto', 'Rua Vital José Carrijo, 180, Lídice',
'34983675676', '1955-10-12', 'Superior Completo', 'Casado', 70754697975);

INSERT INTO FUNCIONARIO (CPF, NOME, ENDERECO, TELEFONE, DATA_NASCIMENTO, NIVEL_ESCOLAR,
ESTADO_CIVIL, CPF_GERENTE)
VALUES (54907262299, 'Bruno Barros Mars', 'Rua Joanico Rodrigues da Cunha, 139, Vigilato Pereira',
'34984473126', '1976-09-28', 'Superior Incompleto', 'Casado', 20028845609);

INSERT INTO FUNCIONARIO (CPF, NOME, ENDERECO, TELEFONE, DATA_NASCIMENTO, NIVEL_ESCOLAR,
ESTADO_CIVIL, CPF_GERENTE)
VALUES (50620247223, 'Fábio Rodrigues de Melo', 'Rua João Pereira da Silva, 320, Santa Mônica',
'34982137979', '1966-04-01', 'Médio Incompleto', 'Viúvo', 88311046670);

INSERT INTO FUNCIONARIO (CPF, NOME, ENDERECO, TELEFONE, DATA_NASCIMENTO, NIVEL_ESCOLAR,
ESTADO_CIVIL, CPF_GERENTE)
VALUES (27980901649, 'Ana Teixeira Cardozo', 'Rua Hortência Moraes, 1502, Cazeca',
'34989739103', '1994-06-07', 'Médio Completo', 'Solteira', 38073498634);

INSERT INTO FUNCIONARIO (CPF, NOME, ENDERECO, TELEFONE, DATA_NASCIMENTO, NIVEL_ESCOLAR,
ESTADO_CIVIL, CPF_GERENTE)
VALUES (65469470997, 'Cauã Rodrigues Bertolini', 'Rua Cel. Antônio Alves Pereira, 151, Centro',
'34988364452', '1987-05-28', 'Médio Completo', 'Solteiro', 63339648751);

INSERT INTO FUNCIONARIO (CPF, NOME, ENDERECO, TELEFONE, DATA_NASCIMENTO, NIVEL_ESCOLAR,
ESTADO_CIVIL, CPF_GERENTE)
VALUES (17103084866, 'Isabelle Dias Castanhari', 'Rua Aracajú, 239, Santa Rosa',
'34986335527', '1999-08-19', 'Médio Incompleto', 'Solteira', 51470309483);

INSERT INTO FUNCIONARIO (CPF, NOME, ENDERECO, TELEFONE, DATA_NASCIMENTO, NIVEL_ESCOLAR,
ESTADO_CIVIL, CPF_GERENTE)
VALUES (49240898000, 'Emilly Correia Mascarenha', 'Rua Alagoas, 466, Brasil',
'34980173782', '1962-06-24', 'Médio Completo', 'Casada', 76172949802);

INSERT INTO FUNCIONARIO (CPF, NOME, ENDERECO, TELEFONE, DATA_NASCIMENTO, NIVEL_ESCOLAR,
ESTADO_CIVIL, CPF_GERENTE)
VALUES (75234593584, 'José Silva Sauro', 'Rua Natal, 182, Brasil',
'34982748007', '1974-05-21', 'Médio Incompleto', 'Casado', 56356896639);

INSERT INTO FUNCIONARIO (CPF, NOME, ENDERECO, TELEFONE, DATA_NASCIMENTO, NIVEL_ESCOLAR,
ESTADO_CIVIL, CPF_GERENTE)
VALUES (30800731506, 'Nicole Alves dos Santos', 'Rua Quintino Bocaiúva, 40, Centro',
'34980516038', '1998-03-10', 'Médio Completo', 'Solteira', 46053518921);

INSERT INTO FUNCIONARIO (CPF, NOME, ENDERECO, TELEFONE, DATA_NASCIMENTO, NIVEL_ESCOLAR,
ESTADO_CIVIL, CPF_GERENTE)
VALUES (72237144923, 'Miguel Fernandes Correa', 'Rua Santos Dumont, 562, Centro',
'34987716142', '2004-10-10', 'Superior Incompleto', 'Solteira', 43027845128);

INSERT INTO FUNCIONARIO (CPF, NOME, ENDERECO, TELEFONE, DATA_NASCIMENTO, NIVEL_ESCOLAR,
ESTADO_CIVIL, CPF_GERENTE)
VALUES (12477331736, 'Júlia Cardoso de Páscoa', 'Rua Cel. Manoel Alves, 5, Fundinho',
'34986935633', '2001-06-26', 'Superior Completo', 'Casada', 70754697975);

INSERT INTO FUNCIONARIO (CPF, NOME, ENDERECO, TELEFONE, DATA_NASCIMENTO, NIVEL_ESCOLAR,
ESTADO_CIVIL, CPF_GERENTE)
VALUES (75001121736, 'Felipe Augusto de Oliveira', 'Rua Santa Helena, 721, Tabajaras',
'34985529749', '2002-02-19', 'Médio Incompleto', 'Solteiro', 20028845609);

INSERT INTO FUNCIONARIO (CPF, NOME, ENDERECO, TELEFONE, DATA_NASCIMENTO, NIVEL_ESCOLAR,
ESTADO_CIVIL, CPF_GERENTE)
VALUES (28324141170, 'Martim Gomes Rodrigues', 'Rua José Carrijo, 1217, Santa Mônica',
'34984016030', '1997-01-14', 'Médio Completo', 'Casado', 88311046670);

INSERT INTO FUNCIONARIO (CPF, NOME, ENDERECO, TELEFONE, DATA_NASCIMENTO, NIVEL_ESCOLAR,
ESTADO_CIVIL, CPF_GERENTE)
VALUES (81428471839, 'Vitória Cavalcante Carvalho', 'Rua Nordau Gonçalves de Melo, 1232, Santa Mônica',
'34990916386', '1996-04-02', 'Médio Completo', 'Casada', 38073498634);

INSERT INTO FUNCIONARIO (CPF, NOME, ENDERECO, TELEFONE, DATA_NASCIMENTO, NIVEL_ESCOLAR,
ESTADO_CIVIL, CPF_GERENTE)
VALUES (51270506170, 'Nicolash da Silva Maduro', 'Rua João Ângelo Schiavinato, 1443, Segismundo Pereira',
'3499713288', '2002-05-20', 'Médio Incompleto', 'Solteiro', 63339648751);

INSERT INTO FUNCIONARIO (CPF, NOME, ENDERECO, TELEFONE, DATA_NASCIMENTO, NIVEL_ESCOLAR,
ESTADO_CIVIL, CPF_GERENTE)
VALUES (87879987185, 'Yasmin Melo Nardoni', 'Rua Leopoldo Bulhões, 717, Pampulha',
'34982562201', '1990-08-09', 'Médio Completo', 'Casada', 51470309483);

INSERT INTO FUNCIONARIO (CPF, NOME, ENDERECO, TELEFONE, DATA_NASCIMENTO, NIVEL_ESCOLAR,
ESTADO_CIVIL, CPF_GERENTE)
VALUES (36890107993, 'Sophia Rodrigues Teixeira', 'Av. África, 880, Tibery',
'34986449135', '1997-11-03', 'Médio Incompleto', 'Solteira', 76172949802);

INSERT INTO FUNCIONARIO (CPF, NOME, ENDERECO, TELEFONE, DATA_NASCIMENTO, NIVEL_ESCOLAR,
ESTADO_CIVIL, CPF_GERENTE)
VALUES (59241179368, 'Samuel Rocha Pereira', 'Rua Tunísia, 487, Tibery',
'34988103349', '2001-12-13', 'Médio Completo', 'Solteiro', 56356896639);

INSERT INTO FUNCIONARIO (CPF, NOME, ENDERECO, TELEFONE, DATA_NASCIMENTO, NIVEL_ESCOLAR,
ESTADO_CIVIL, CPF_GERENTE)
VALUES (69869502334, 'Eduardo Barbosa Rosa', 'Rua Ivaldo Alves Nascimento, 851, Nossa Sra. Aparecida',
'34989369475', '2002-04-25', 'Médio Completo', 'Solteiro', 46053518921);

INSERT INTO FUNCIONARIO (CPF, NOME, ENDERECO, TELEFONE, DATA_NASCIMENTO, NIVEL_ESCOLAR,
ESTADO_CIVIL, CPF_GERENTE)
VALUES (84260346245, 'Clara Cavalcanti Brandão', 'Rua Olegário Maciel, 1135, Lídice',
'34982515414', '1993-06-18', 'Médio Incompleto', 'Casada', 43027845128);

INSERT INTO FUNCIONARIO (CPF, NOME, ENDERECO, TELEFONE, DATA_NASCIMENTO, NIVEL_ESCOLAR,
ESTADO_CIVIL, CPF_GERENTE)
VALUES (80505748304, 'Leonardo Di Capricórnio', 'Rua Platão, 25, Lagoinha',
'34981644573', '1981-07-07', 'Superior Incompleto', 'Viúvo', 70754697975);

INSERT INTO FUNCIONARIO (CPF, NOME, ENDERECO, TELEFONE, DATA_NASCIMENTO, NIVEL_ESCOLAR,
ESTADO_CIVIL, CPF_GERENTE)
VALUES (38640808945, 'Caio Castro Veloso', 'Rua Isaac de Oliveira, 351, Santos Dumont',
'34985016979', '1972-10-04', 'Superior Completo', 'Casado', 20028845609);

INSERT INTO FUNCIONARIO (CPF, NOME, ENDERECO, TELEFONE, DATA_NASCIMENTO, NIVEL_ESCOLAR,
ESTADO_CIVIL, CPF_GERENTE)
VALUES (67704258311, 'Laura Costa Vicenza', 'Av. Alexandre Ribeiro Guimarães, 120, Saraiva',
'34997058064', '1963-11-29', 'Superior Incompleto', 'Casada', 88311046670);

INSERT INTO FUNCIONARIO (CPF, NOME, ENDERECO, TELEFONE, DATA_NASCIMENTO, NIVEL_ESCOLAR,
ESTADO_CIVIL, CPF_GERENTE)
VALUES (29544689710, 'Nicolas Pereira Damiani', 'Rua Pedro José Samora, 356, Santa Mônica',
'34981524762', '1959-06-21', 'Médio Completo', 'Viúvo', 38073498634);

INSERT INTO FUNCIONARIO (CPF, NOME, ENDERECO, TELEFONE, DATA_NASCIMENTO, NIVEL_ESCOLAR,
ESTADO_CIVIL, CPF_GERENTE)
VALUES (13987531223, 'Maria Martins Fagundes', 'Rua Orozimbo Ribeiro, 172, Santa Mônica',
'34983746737', '1967-05-26', 'Médio Completo', 'Solteira', 63339648751);

INSERT INTO FUNCIONARIO (CPF, NOME, ENDERECO, TELEFONE, DATA_NASCIMENTO, NIVEL_ESCOLAR,
ESTADO_CIVIL, CPF_GERENTE)
VALUES (90392771845, 'Maria Mascarenha Carrijo', 'Rua Licydio Paes, 403, Santa Mônica',
'34988849146', '1982-07-13', 'Médio Incompleto', 'Casada', 51470309483);

INSERT INTO FUNCIONARIO (CPF, NOME, ENDERECO, TELEFONE, DATA_NASCIMENTO, NIVEL_ESCOLAR,
ESTADO_CIVIL, CPF_GERENTE)
VALUES (14849363709, 'Maria Cardozo Carvalho', 'Rua Delmira Cândida Rodrigues da Cunha, 186, Santa Mônica',
'34988849146', '1977-01-23', 'Médio Completo', 'Casada', 76172949802);

INSERT INTO FUNCIONARIO (CPF, NOME, ENDERECO, TELEFONE, DATA_NASCIMENTO, NIVEL_ESCOLAR,
ESTADO_CIVIL, CPF_GERENTE)
VALUES (72395263052, 'Maria Fontes Barros', 'Rua Antônio Marciano de Ávila, 592, Santa Mônica',
'34984932195', '1985-10-16', 'Superior Incompleto', 'Solteira', 56356896639);

INSERT INTO FUNCIONARIO (CPF, NOME, ENDERECO, TELEFONE, DATA_NASCIMENTO, NIVEL_ESCOLAR,
ESTADO_CIVIL, CPF_GERENTE)
VALUES (50016113772, 'Thomás Hanks Peixoto', 'Rua Profa. Maria Alves Castilho, 235, Santa Mônica',
'34980535135', '1996-02-29', 'Médio Completo', 'Solteiro', 46053518921);

INSERT INTO FUNCIONARIO (CPF, NOME, ENDERECO, TELEFONE, DATA_NASCIMENTO, NIVEL_ESCOLAR,
ESTADO_CIVIL, CPF_GERENTE)
VALUES (29238455368, 'Angélica Jolie Alves', 'Rua Nhá Chica, 61, Santa Luzia',
'34989116668', '1987-10-18', 'Médio Completo', 'Casada', 43027845128);

INSERT INTO FUNCIONARIO (CPF, NOME, ENDERECO, TELEFONE, DATA_NASCIMENTO, NIVEL_ESCOLAR,
ESTADO_CIVIL, CPF_GERENTE)
VALUES (54422238248, 'Jennifer Laurêncio Viçosa', 'Rua Sebastião Severino Ribeiro, 114, Santa Luzia',
'34983587247', '1999-07-24', 'Médio Incompleto', 'Solteira', 70754697975);

INSERT INTO FUNCIONARIO (CPF, NOME, ENDERECO, TELEFONE, DATA_NASCIMENTO, NIVEL_ESCOLAR,
ESTADO_CIVIL, CPF_GERENTE)
VALUES (75690060038, 'Bernardo Pitt de Souza', 'Rua Açude, 112, Jardim dos Gravatas',
'34989139635', '2002-03-14', 'Superpior Incompleto', 'Solteira', 20028845609);

INSERT INTO FUNCIONARIO (CPF, NOME, ENDERECO, TELEFONE, DATA_NASCIMENTO, NIVEL_ESCOLAR,
ESTADO_CIVIL, CPF_GERENTE)
VALUES (31750256681, 'Nathália Cardoso Portomano', 'Alameda Orisvaldo Penna, 90, Parque Granada',
'34980448345', '1998-12-31', 'Médio Completo', 'Casada', 88311046670);

INSERT INTO FUNCIONARIO (CPF, NOME, ENDERECO, TELEFONE, DATA_NASCIMENTO, NIVEL_ESCOLAR,
ESTADO_CIVIL, CPF_GERENTE)
VALUES (57511097910, 'João Depp de Oliveira', 'Rua Aderbal Viana, 101, Jardim das Acácias',
'34988825696', '2004-09-10', 'Médio Completo', 'Solteiro', 38073498634);

INSERT INTO FUNCIONARIO (CPF, NOME, ENDERECO, TELEFONE, DATA_NASCIMENTO, NIVEL_ESCOLAR,
ESTADO_CIVIL, CPF_GERENTE)
VALUES (42243634295, 'Joaquin Macedo Fênix', 'Alameda Dinor Ruas, 60, Jardim das Acácias',
'34981378860', '1985-04-03', 'Médio Incompleto', 'Casado', 63339648751);

INSERT INTO FUNCIONARIO (CPF, NOME, ENDERECO, TELEFONE, DATA_NASCIMENTO, NIVEL_ESCOLAR,
ESTADO_CIVIL, CPF_GERENTE)
VALUES (59926114792, 'Matt Damasco Prudente', 'Rua Fábio Andrade Cunha, 144, Jardim da Colina',
'34981335015', '1977-01-16', 'Médio Incompleto', 'Casado', 51470309483);

INSERT INTO FUNCIONARIO (CPF, NOME, ENDERECO, TELEFONE, DATA_NASCIMENTO, NIVEL_ESCOLAR,
ESTADO_CIVIL, CPF_GERENTE)
VALUES (50128998903, 'Emma Rocha Stone', 'Rua Alcides Lourenço Rocha, 22, Altamira II',
'34981112593', '1995-03-01', 'Médio Completo', 'Viúva', 76172949802);

INSERT INTO FUNCIONARIO (CPF, NOME, ENDERECO, TELEFONE, DATA_NASCIMENTO, NIVEL_ESCOLAR,
ESTADO_CIVIL, CPF_GERENTE)
VALUES (16220391497, 'Ryan Reinaldo Alvim', 'Rua da Ciência, 61, Altamira II',
'34988398427', '1984-10-21', 'Superior Incompleto', 'Solteiro', 56356896639);

SELECT * FROM FUNCIONARIO;

INSERT INTO GERENTE (CPF_FUNCIONARIO, DATA_INGRESSO, POSSUI_FORMACAO, NOME_GERENTE)
VALUES (76172949802, '2018-04-21', FALSE, 'Lucas Panonko Assis Belchior');

INSERT INTO GERENTE (CPF_FUNCIONARIO, DATA_INGRESSO, POSSUI_FORMACAO, NOME_GERENTE)
VALUES (56356896639, '2016-01-16', FALSE, 'Lucas Cardoso Jabur');

INSERT INTO GERENTE (CPF_FUNCIONARIO, DATA_INGRESSO, POSSUI_FORMACAO, NOME_GERENTE)
VALUES (46053518921, '2014-02-02', TRUE, 'Maria Camila Nardini Barioni');

INSERT INTO GERENTE (CPF_FUNCIONARIO, DATA_INGRESSO, POSSUI_FORMACAO, NOME_GERENTE)
VALUES (43027845128, '2019-06-09', FALSE, 'Clara Rodrigues da Cunha');

INSERT INTO GERENTE (CPF_FUNCIONARIO, DATA_INGRESSO, POSSUI_FORMACAO, NOME_GERENTE)
VALUES (70754697975, '2023-08-23', FALSE, 'Raissa Barros Nogueira');

INSERT INTO GERENTE (CPF_FUNCIONARIO, DATA_INGRESSO, POSSUI_FORMACAO, NOME_GERENTE)
VALUES (20028845609, '2022-10-17', FALSE, 'Pedro Correia Mota');

INSERT INTO GERENTE (CPF_FUNCIONARIO, DATA_INGRESSO, POSSUI_FORMACAO, NOME_GERENTE)
VALUES (88311046670, '2019-06-10', FALSE, 'Victor Carvalho Machado');

INSERT INTO GERENTE (CPF_FUNCIONARIO, DATA_INGRESSO, POSSUI_FORMACAO, NOME_GERENTE)
VALUES (38073498634, '2016-01-16', FALSE, 'Manuela Pasquini Alvarenga');

INSERT INTO GERENTE (CPF_FUNCIONARIO, DATA_INGRESSO, POSSUI_FORMACAO, NOME_GERENTE)
VALUES (63339648751, '2012-08-29', TRUE, 'Isabela Costa Azevedo');

INSERT INTO GERENTE (CPF_FUNCIONARIO, DATA_INGRESSO, POSSUI_FORMACAO, NOME_GERENTE)
VALUES (51470309483, '2013-07-22', TRUE, 'Leonardo Ferreira Damasceno');

SELECT * FROM GERENTE;

INSERT INTO ATENDENTE_CAIXA (CPF_FUNCIONARIO)
VALUES (74760981454);

INSERT INTO ATENDENTE_CAIXA (CPF_FUNCIONARIO)
VALUES (13418002102);

INSERT INTO ATENDENTE_CAIXA (CPF_FUNCIONARIO)
VALUES (14849363709);

INSERT INTO ATENDENTE_CAIXA (CPF_FUNCIONARIO)
VALUES (16855851320);

INSERT INTO ATENDENTE_CAIXA (CPF_FUNCIONARIO)
VALUES (20181880202);

INSERT INTO ATENDENTE_CAIXA (CPF_FUNCIONARIO)
VALUES (94074994216);

INSERT INTO ATENDENTE_CAIXA (CPF_FUNCIONARIO)
VALUES (38989558930);

INSERT INTO ATENDENTE_CAIXA (CPF_FUNCIONARIO)
VALUES (72395263052);

INSERT INTO ATENDENTE_CAIXA (CPF_FUNCIONARIO)
VALUES (17964029827);

INSERT INTO ATENDENTE_CAIXA (CPF_FUNCIONARIO)
VALUES (49149979671);

INSERT INTO ATENDENTE_CAIXA (CPF_FUNCIONARIO)
VALUES (40249320711);

INSERT INTO ATENDENTE_CAIXA (CPF_FUNCIONARIO)
VALUES (42493840712);

SELECT * FROM ATENDENTE_CAIXA;

INSERT INTO ATENDENTE_PADARIA (CPF_FUNCIONARIO)
VALUES (75922690230);

INSERT INTO ATENDENTE_PADARIA (CPF_FUNCIONARIO)
VALUES (99891685802);

INSERT INTO ATENDENTE_PADARIA (CPF_FUNCIONARIO)
VALUES (64585979670);

INSERT INTO ATENDENTE_PADARIA (CPF_FUNCIONARIO)
VALUES (73297520450);

INSERT INTO ATENDENTE_PADARIA (CPF_FUNCIONARIO)
VALUES (65576267605);

INSERT INTO ATENDENTE_PADARIA (CPF_FUNCIONARIO)
VALUES (54907262299);

INSERT INTO ATENDENTE_PADARIA (CPF_FUNCIONARIO)
VALUES (50620247223);

INSERT INTO ATENDENTE_PADARIA (CPF_FUNCIONARIO)
VALUES (27980901649);

INSERT INTO ATENDENTE_PADARIA (CPF_FUNCIONARIO)
VALUES (65469470997);

INSERT INTO ATENDENTE_PADARIA (CPF_FUNCIONARIO)
VALUES (17103084866);

SELECT * FROM ATENDENTE_PADARIA;

INSERT INTO REPOSITOR (CPF_FUNCIONARIO)
VALUES (49240898000);
 
INSERT INTO REPOSITOR (CPF_FUNCIONARIO)
VALUES (75234593584);

INSERT INTO REPOSITOR (CPF_FUNCIONARIO)
VALUES (30800731506);

INSERT INTO REPOSITOR (CPF_FUNCIONARIO)
VALUES (72237144923);

INSERT INTO REPOSITOR (CPF_FUNCIONARIO)
VALUES (12477331736);

INSERT INTO REPOSITOR (CPF_FUNCIONARIO)
VALUES (75001121736);

INSERT INTO REPOSITOR (CPF_FUNCIONARIO)
VALUES (28324141170);

INSERT INTO REPOSITOR (CPF_FUNCIONARIO)
VALUES (81428471839);

INSERT INTO REPOSITOR (CPF_FUNCIONARIO)
VALUES (51270506170);

INSERT INTO REPOSITOR (CPF_FUNCIONARIO)
VALUES (87879987185);

SELECT * FROM REPOSITOR;

INSERT INTO EMPACOTADOR (CPF_FUNCIONARIO)
VALUES (36890107993);

INSERT INTO EMPACOTADOR (CPF_FUNCIONARIO)
VALUES (59241179368);	

INSERT INTO EMPACOTADOR (CPF_FUNCIONARIO)
VALUES (69869502334);

INSERT INTO EMPACOTADOR (CPF_FUNCIONARIO)
VALUES (84260346245);
 
INSERT INTO EMPACOTADOR (CPF_FUNCIONARIO)
VALUES (80505748304);

INSERT INTO EMPACOTADOR (CPF_FUNCIONARIO)
VALUES (38640808945);

INSERT INTO EMPACOTADOR (CPF_FUNCIONARIO)
VALUES (67704258311);

INSERT INTO EMPACOTADOR (CPF_FUNCIONARIO)
VALUES (29544689710);

INSERT INTO EMPACOTADOR (CPF_FUNCIONARIO)
VALUES (13987531223);

INSERT INTO EMPACOTADOR (CPF_FUNCIONARIO)
VALUES (90392771845);

SELECT * FROM EMPACOTADOR;

INSERT INTO FAXINEIRO (CPF_FUNCIONARIO)
VALUES (50016113772);

INSERT INTO FAXINEIRO (CPF_FUNCIONARIO)
VALUES (29238455368);

INSERT INTO FAXINEIRO (CPF_FUNCIONARIO)
VALUES (54422238248);

INSERT INTO FAXINEIRO (CPF_FUNCIONARIO)
VALUES (75690060038);

INSERT INTO FAXINEIRO (CPF_FUNCIONARIO)
VALUES (31750256681);

INSERT INTO FAXINEIRO (CPF_FUNCIONARIO)
VALUES (57511097910);

INSERT INTO FAXINEIRO (CPF_FUNCIONARIO)
VALUES (42243634295);

INSERT INTO FAXINEIRO (CPF_FUNCIONARIO)
VALUES (59926114792);

INSERT INTO FAXINEIRO (CPF_FUNCIONARIO)
VALUES (50128998903);

INSERT INTO FAXINEIRO (CPF_FUNCIONARIO)
VALUES (16220391497);

SELECT * FROM FAXINEIRO;

INSERT INTO FUNCIONARIO_MES (ANO_MES, CPF_FUNCIONARIO, BONIFICACAO, NRO_VOTOS)
VALUES ('2024-01', 13418002102, 750, 29);

INSERT INTO FUNCIONARIO_MES (ANO_MES, CPF_FUNCIONARIO, BONIFICACAO, NRO_VOTOS)
VALUES ('2024-02', 54907262299, 890, 32);

INSERT INTO FUNCIONARIO_MES (ANO_MES, CPF_FUNCIONARIO, BONIFICACAO, NRO_VOTOS)
VALUES ('2024-03', 59926114792, 800, 24);

INSERT INTO FUNCIONARIO_MES (ANO_MES, CPF_FUNCIONARIO, BONIFICACAO, NRO_VOTOS)
VALUES ('2024-04', 46053518921, 940, 22);

INSERT INTO FUNCIONARIO_MES (ANO_MES, CPF_FUNCIONARIO, BONIFICACAO, NRO_VOTOS)
VALUES ('2024-05', 74760981454, 850, 30);

INSERT INTO FUNCIONARIO_MES (ANO_MES, CPF_FUNCIONARIO, BONIFICACAO, NRO_VOTOS)
VALUES ('2024-06', 20181880202, 980, 36);

INSERT INTO FUNCIONARIO_MES (ANO_MES, CPF_FUNCIONARIO, BONIFICACAO, NRO_VOTOS)
VALUES ('2024-07', 74760981454, 870, 30);

INSERT INTO FUNCIONARIO_MES (ANO_MES, CPF_FUNCIONARIO, BONIFICACAO, NRO_VOTOS)
VALUES ('2024-08', 13418002102, 790, 23);

INSERT INTO FUNCIONARIO_MES (ANO_MES, CPF_FUNCIONARIO, BONIFICACAO, NRO_VOTOS)
VALUES ('2024-09', 46053518921, 890, 33);

INSERT INTO FUNCIONARIO_MES (ANO_MES, CPF_FUNCIONARIO, BONIFICACAO, NRO_VOTOS)
VALUES ('2024-10', 46053518921, 930, 27);

SELECT * FROM FUNCIONARIO_MES;